index,time
0.0,27.15436816215515
1.0,7.45934271812439
2.0,7.277768135070801
3.0,5.443776607513428
4.0,5.414160966873169
