index,time
0.0,30.495745182037354
1.0,6.758468151092528
2.0,6.60429573059082
3.0,5.795849323272705
4.0,5.401968479156494
